week,mean_array_015,mean_array_033,mean_array_2,mean_array_h
1,16.0,16.0,16.0,16.0
2,13.215300000000003,13.236200000000002,13.189200000000003,13.2821
3,13.489700000000001,13.491200000000003,13.446899999999996,13.535800000000004
4,13.6148,13.685799999999997,13.6081,13.659599999999998
5,13.708000000000002,13.903500000000003,13.7228,13.787499999999996
6,13.878100000000002,13.982299999999995,13.869300000000004,13.9544
7,13.888399999999999,14.019199999999998,13.982699999999998,13.986500000000001
8,13.9762,14.072900000000004,13.994599999999998,13.996399999999996
9,14.054999999999996,14.151200000000003,13.961200000000002,14.041900000000005
10,14.087700000000002,14.261600000000001,14.0113,14.077100000000003
11,14.027899999999997,14.211100000000004,14.195399999999996,14.087499999999993
12,14.091399999999995,14.2689,14.104500000000005,14.099100000000004
13,13.984200000000001,14.172700000000003,14.062800000000005,14.184200000000002
14,14.027400000000002,14.149200000000002,14.0963,14.190300000000004
15,14.088700000000003,14.208700000000006,14.108000000000004,14.070900000000004
16,14.047900000000006,14.197799999999997,14.139499999999998,14.1521
17,14.0457,14.192999999999998,14.127999999999995,14.146300000000002
18,14.032599999999995,14.1919,14.113000000000005,14.16670000000001
19,14.051899999999991,14.119100000000005,14.1251,14.199200000000008
20,14.0962,14.112200000000003,14.083200000000001,14.072799999999994
21,14.112699999999993,14.155800000000001,14.158299999999997,14.069799999999997
22,14.114400000000003,14.138600000000002,14.181499999999996,14.053999999999991
23,13.367699999999996,12.924799999999998,12.226300000000002,12.018600000000001
24,12.256300000000003,11.644100000000005,10.9796,10.815600000000003
25,11.947899999999997,11.364799999999997,10.86,10.700500000000002
26,12.092,11.5766,11.155000000000005,10.9879
27,12.387000000000002,11.9617,11.617100000000002,11.472299999999997
28,12.7526,12.3792,12.0813,11.944299999999998
29,13.067699999999995,12.725599999999996,12.567200000000003,12.442100000000003
30,13.34789999999999,13.083999999999994,12.8213,12.773900000000005
31,13.597299999999997,13.3157,13.168199999999997,13.071500000000004
32,13.761599999999998,13.551999999999998,13.372899999999994,13.365300000000001
33,13.815900000000005,13.7162,13.596000000000005,13.494399999999999
34,13.926999999999998,13.807499999999997,13.668599999999996,13.6783
35,13.985100000000003,13.896899999999995,13.817300000000007,13.852499999999997
36,14.023100000000005,13.887200000000007,13.8871,13.941399999999993
37,14.061999999999996,13.995799999999997,13.976300000000002,13.9758
38,14.117,14.035999999999994,14.083900000000002,14.047400000000005
39,14.102500000000003,14.036799999999998,14.033700000000001,14.087700000000005
40,14.144099999999998,14.083400000000001,14.059099999999999,14.030899999999995
41,14.148200000000005,14.015999999999996,14.050400000000002,14.052699999999998
42,14.155999999999997,14.027300000000002,14.094199999999999,14.086000000000004
43,14.076299999999996,14.0912,14.080599999999997,14.250100000000007
44,14.091800000000005,14.119000000000007,14.065100000000006,14.253400000000005
45,14.0815,14.125,14.059700000000003,14.252299999999996
46,14.111099999999995,14.121900000000004,14.051099999999998,14.283799999999994
47,14.127600000000006,14.099399999999996,14.073600000000004,14.253500000000004
48,14.1274,14.1393,14.0573,14.189599999999993
49,14.165899999999997,14.161399999999992,14.123799999999994,14.213000000000005
50,14.1454,14.135700000000007,14.056999999999995,14.155899999999999
51,14.215499999999997,14.196600000000004,14.011499999999998,14.157299999999994
52,14.160599999999999,14.213500000000002,14.131000000000002,14.129200000000008
53,14.133900000000004,14.152400000000007,14.0933,14.130799999999999
54,14.164799999999996,14.060900000000004,14.097399999999999,14.126400000000006
55,14.127299999999998,14.120999999999997,14.116500000000006,14.1928
56,14.160799999999997,14.053699999999994,14.1374,14.171699999999994
57,14.132400000000004,14.090700000000002,14.182199999999998,14.185799999999995
58,14.148299999999997,14.164799999999998,14.1621,14.146399999999995
59,14.092300000000002,14.170399999999995,14.101800000000004,14.1369
60,14.086899999999996,14.158099999999996,14.1381,14.109099999999994
61,14.095,14.185100000000002,14.15959999999999,14.055299999999997
62,14.076399999999996,14.245400000000002,14.110699999999994,14.136599999999994
63,14.0842,14.156500000000001,14.140899999999997,14.086400000000001
64,14.106600000000004,14.1348,14.112899999999993,14.012700000000002
65,14.108500000000001,14.1939,14.130899999999997,14.049199999999995
66,14.207699999999997,14.202800000000002,14.113399999999999,14.014999999999993
67,14.197699999999996,14.212199999999996,14.0539,14.024500000000007
68,14.187800000000005,14.277899999999999,14.061599999999997,14.058599999999995
69,14.133899999999999,14.172400000000003,14.102000000000006,14.020799999999994
70,14.153799999999997,14.216399999999995,14.133900000000004,14.0401
71,14.160299999999998,14.1537,14.1591,14.08
72,14.07220000000001,14.086999999999996,14.293299999999999,14.058899999999996
73,14.1429,14.127899999999997,14.230099999999998,14.113300000000004
74,14.146099999999999,14.081199999999997,14.0435,14.10710000000001
75,14.130799999999995,14.138599999999999,14.0891,14.112800000000007
76,14.114700000000003,14.102499999999996,14.085800000000004,14.1528
77,14.097399999999988,14.144699999999998,14.095400000000001,14.167599999999998
78,14.021399999999996,14.101600000000001,14.145899999999997,14.093600000000002
79,14.021900000000002,14.050799999999995,14.155300000000002,14.193600000000009
80,14.058000000000002,14.044999999999995,14.099399999999996,14.213099999999999
81,14.061599999999997,14.064299999999994,14.052599999999995,14.156900000000002
82,13.991500000000004,14.128699999999997,13.982499999999998,14.190200000000003
83,14.0135,14.072999999999997,14.029100000000001,14.195600000000002
84,14.084200000000001,14.1206,14.0428,14.186699999999997
85,14.054599999999995,14.193699999999994,14.0647,14.207799999999994
86,14.109200000000001,14.234200000000005,14.053699999999994,14.150799999999998
87,14.195500000000003,14.226999999999997,14.039100000000008,14.1802
88,14.181500000000007,14.287900000000004,14.014700000000003,14.1382
89,14.181700000000003,14.252999999999997,14.030900000000004,14.1039
90,14.227500000000004,14.187700000000007,14.098499999999994,14.111699999999999
91,14.201399999999996,14.206599999999995,14.097199999999994,14.068900000000003
92,14.168599999999996,14.159299999999996,13.982200000000002,14.055100000000003
93,14.112599999999992,14.1586,14.0282,14.140299999999998
94,14.103800000000005,14.185300000000005,14.0941,14.1111
95,14.161500000000006,14.207999999999993,14.097499999999993,14.128600000000008
96,14.1732,14.1686,14.138700000000004,14.070599999999995
97,14.220899999999997,14.1593,14.1327,14.108599999999994
98,14.134799999999995,14.179099999999998,14.134599999999999,14.112700000000004
99,14.187300000000004,14.1455,14.136199999999997,14.081900000000003
100,14.159899999999999,14.119200000000005,14.053700000000003,14.0425
101,14.096299999999994,14.16,14.0557,14.084300000000002
102,14.121500000000001,14.104999999999997,14.053099999999999,14.0898
103,14.154899999999996,14.069499999999998,14.138799999999994,14.058499999999995
104,14.125,14.107499999999998,14.170499999999997,14.063599999999997
105,14.176199999999993,14.095399999999994,14.1687,14.053799999999999
106,14.223200000000004,13.989499999999994,14.157400000000003,14.002499999999998
107,14.1933,14.1046,14.191199999999997,13.927600000000005
108,14.134799999999995,14.134799999999998,14.188099999999997,13.8736
109,14.216300000000004,14.108099999999995,14.038399999999998,13.908199999999999
110,14.118799999999997,14.013799999999994,14.111799999999995,13.983200000000005
111,14.13589999999999,14.159699999999997,14.019799999999998,14.095199999999995
112,14.105000000000002,14.163199999999993,14.109100000000002,14.179200000000003
113,14.0781,14.131799999999997,14.143600000000003,14.163699999999999
114,14.1405,14.0799,14.096800000000004,14.117299999999995
115,14.129100000000005,14.100100000000005,14.115099999999995,14.088100000000004
116,14.228000000000003,14.152499999999998,14.084599999999993,14.1445
117,14.198100000000002,14.149000000000008,14.124700000000004,14.230299999999994
118,14.128599999999999,14.206899999999996,14.145999999999999,14.221099999999993
119,14.112399999999996,14.173600000000004,14.152399999999998,14.13549999999999
120,14.077200000000003,14.170000000000002,14.166699999999997,14.068600000000002
121,14.078600000000002,14.143400000000009,14.175300000000004,14.152199999999993
122,14.145500000000002,14.1574,14.142599999999998,14.1197
123,14.053100000000004,14.142399999999999,14.1748,14.176900000000007
124,14.087800000000001,14.155200000000002,14.178099999999995,14.253499999999999
125,14.066400000000002,14.140400000000005,14.172199999999998,14.250199999999998
126,14.061599999999999,14.052899999999998,14.0932,14.184600000000003
127,14.107099999999997,14.071399999999997,14.072199999999999,14.153499999999994
128,14.1119,14.055100000000003,14.1226,14.154800000000002
129,14.0098,14.123600000000003,14.109200000000001,14.198200000000003
130,14.031799999999999,14.133199999999993,14.141000000000004,14.168599999999994
131,14.074699999999991,14.145099999999998,14.218400000000013,14.1671
132,14.0613,14.043000000000001,14.216900000000004,14.184400000000004
133,14.064599999999999,14.0555,14.173200000000003,14.256800000000004
134,14.053300000000002,14.1257,14.177400000000004,14.187100000000004
135,14.060600000000004,14.113099999999998,14.1829,14.146999999999998
136,14.051999999999998,14.178600000000001,14.146499999999996,14.254000000000001
137,14.049299999999995,14.21,14.212000000000003,14.1974
138,13.981699999999996,14.221100000000003,14.195600000000002,14.114300000000004
139,14.066499999999998,14.237399999999996,14.172300000000005,14.2422
140,14.089599999999997,14.218700000000002,14.178100000000002,14.186299999999996
141,14.092099999999995,14.133300000000002,14.189900000000002,14.185000000000008
142,14.170400000000003,14.157300000000003,14.214500000000001,14.183099999999998
143,14.194499999999998,14.129300000000002,14.255600000000006,14.263100000000003
