week,mean_array_015,mean_array_033,mean_array_2,mean_array_h
1,0,0,0,0
2,0,0,0,0
3,0,0,0,0
4,0,0,0,0
5,0,0,0,0
6,0,0,0,0
7,0,0,0,0
8,0,0,0,0
9,0,0,0,0
10,0,0,0,0
11,0,0,0,0
12,0,0,0,0
13,0,0,0,0
14,0,0,0,0
15,0,0,0,0
16,0,0,0,0
17,0,0,0,0
18,0,0,0,0
19,0,0,0,0
20,0,0,0,0
21,0,0,0,0
22,0,0,0,0
23,2.4009,3.9079,5.7848,6.051
24,3.1659,4.2161,5.4044,5.7902
25,3.2011,4.1235,5.332,5.7863
26,3.255,4.1798,5.4675,5.932
27,3.3249,4.3285,5.8083,6.2592
28,3.4616,4.5754,6.1568,6.6273
29,3.6429,4.8532,6.5915,7.0533
30,3.9374,5.189,6.9249,7.3887
31,4.248,5.5638,7.2874,7.6564
32,4.6299,5.9527,7.5134,7.9062
33,4.9511,6.225,7.7311,8.1209
34,5.2828,6.4132,7.8791,8.2686
35,5.4907,6.6287,8.0768,8.4825
36,5.7041,6.8527,8.2153,8.6879
37,5.9012,7.0656,8.4186,8.8079
38,6.0627,7.2853,8.504,8.9404
39,6.254,7.408,8.6953,9.0507
40,6.4117,7.5604,8.771,9.1794
41,6.5727,7.7099,8.8577,9.2357
42,6.7035,7.8558,8.9329,9.3113
43,6.7537,8.0333,9.0707,9.4126
44,6.8574,8.1428,9.1892,9.4374
45,7.0055,8.3043,9.2413,9.5281
46,7.0607,8.5606,9.3139,9.5376
47,7.151,8.6529,9.3585,9.5689
48,7.2444,8.7806,9.413,9.5975
49,7.3868,8.8813,9.4836,9.6013
50,7.4344,8.9981,9.524,9.6334
51,7.5245,9.0512,9.5391,9.737
52,7.5908,9.072,9.5507,9.6812
53,7.6466,9.078,9.5967,9.6786
54,7.7032,9.0644,9.6489,9.6978
55,7.8313,9.0859,9.6795,9.7948
56,7.8199,9.1503,9.7049,9.8047
57,7.9207,9.145,9.7804,9.8096
58,7.9113,9.1928,9.7969,9.8106
59,8.0625,9.2714,9.7774,9.7742
60,8.1376,9.2547,9.8337,9.806
61,8.1807,9.3435,9.885,9.7502
62,8.2046,9.4032,9.941,9.7043
63,8.2112,9.415,9.9946,9.6958
64,8.2065,9.4553,9.9573,9.7192
65,8.2307,9.5519,9.976,9.7684
66,8.3222,9.5713,9.9155,9.8381
67,8.3304,9.5296,9.9155,9.9119
68,8.3578,9.4823,9.8907,9.9396
69,8.3444,9.5117,9.9502,9.9773
70,8.3436,9.5478,9.9242,9.9707
71,8.4392,9.5651,9.9384,10.015
72,8.4583,9.5422,9.9526,10.0087
73,8.5169,9.5595,9.9575,10.0119
74,8.4969,9.4626,9.9906,9.9965
75,8.4771,9.3894,10.0141,10.0342
76,8.5154,9.4033,10.0292,9.9975
77,8.5299,9.4293,9.9851,9.9922
78,8.5833,9.4079,9.9854,9.9685
79,8.5412,9.41,9.9293,9.9543
80,8.6315,9.3462,9.9478,9.901
81,8.6308,9.4067,9.8977,9.8788
82,8.6639,9.4021,9.8684,9.9198
83,8.6505,9.491,9.8833,9.9626
84,8.6175,9.5031,9.889,9.9247
85,8.6384,9.4883,9.8912,9.9612
86,8.6617,9.4858,9.9117,9.9698
87,8.6124,9.4617,9.9262,9.8953
88,8.7034,9.4698,9.9053,9.939
89,8.7235,9.428,9.868,9.9204
90,8.7416,9.4442,9.853,9.9503
91,8.7318,9.4323,9.8896,9.8878
92,8.7271,9.4204,9.9288,10.0071
93,8.666,9.3919,10,10.026
94,8.7267,9.3799,9.9723,10.0362
95,8.7513,9.4223,9.9565,9.9858
96,8.6966,9.4142,9.9203,9.8895
97,8.6641,9.3798,9.9273,9.9343
98,8.6273,9.4244,9.8673,9.9273
99,8.6299,9.359,9.859,9.9486
100,8.6317,9.4094,9.9019,9.9888
101,8.689,9.4453,9.9063,9.9669
102,8.6427,9.489,9.9532,9.9471
103,8.6589,9.4716,9.8906,9.9153
104,8.6462,9.4864,9.8572,9.9349
105,8.6842,9.5022,9.9344,9.9155
106,8.6282,9.5612,9.8827,9.8471
107,8.6682,9.4903,9.86,9.8592
108,8.6723,9.4959,9.8304,9.8865
109,8.786,9.4991,9.8023,9.9325
110,8.7974,9.5047,9.843,9.8886
111,8.7936,9.5627,9.8606,9.8488
112,8.7986,9.5901,9.8594,9.9272
113,8.7814,9.6148,9.8529,9.9405
114,8.7423,9.6663,9.9046,9.9341
115,8.7213,9.6896,9.9004,9.8955
116,8.7194,9.6649,9.8927,9.8408
117,8.7681,9.5725,9.8781,9.9259
118,8.7932,9.6014,9.8882,9.9083
119,8.825,9.5496,9.903,9.8742
120,8.7784,9.565,9.9525,9.8952
121,8.7918,9.5817,9.9218,9.9078
122,8.7631,9.5769,9.9056,9.9062
123,8.7878,9.5984,9.9264,9.9481
124,8.7312,9.5554,9.818,9.9234
125,8.7079,9.545,9.8474,9.9545
126,8.7136,9.5274,9.8416,9.9401
127,8.716,9.5471,9.8008,9.9632
128,8.6974,9.4895,9.7687,9.9998
129,8.6963,9.5184,9.749,10.0554
130,8.7223,9.5149,9.8369,9.9759
131,8.7244,9.4719,9.7767,9.9534
132,8.6673,9.4736,9.8432,9.9784
133,8.767,9.4467,9.8765,9.9192
134,8.6474,9.4776,9.891,9.9025
135,8.7457,9.473,9.8332,9.9147
136,8.771,9.5072,9.8514,9.8998
137,8.7316,9.5872,9.8176,9.9433
138,8.7403,9.529,9.7873,9.8847
139,8.7594,9.4954,9.842,9.8224
140,8.8046,9.416,9.8914,9.8335
141,8.7734,9.4196,9.8447,9.9024
142,8.7283,9.4243,9.9037,9.9018
143,8.8078,9.3493,9.9431,9.8944
