week,row_var_w_tot_015,row_var_w_tot_033,row_var_w_tot_2,row_var_w_tot_h,row_var_fem_w_015,row_var_fem_w_033,row_var_fem_w_2,row_var_fem_w_h,row_var_male_w_015,row_var_male_w_033,row_var_male_w_2,row_var_male_w_h
1,0.0,0.0,0.0,0.0,0.0,0.0,0.0,0.0,0.0,0.0,0.0,0.0
2,0.0,0.0,0.0,0.0,0.0,0.0,0.0,0.0,0.0,0.0,0.0,0.0
3,0.0,0.0,0.0,0.0,0.0,0.0,0.0,0.0,0.0,0.0,0.0,0.0
4,0.0,0.0,0.0,0.0,0.0,0.0,0.0,0.0,0.0,0.0,0.0,0.0
5,0.0,0.0,0.0,0.0,0.0,0.0,0.0,0.0,0.0,0.0,0.0,0.0
6,0.0,0.0,0.0,0.0,0.0,0.0,0.0,0.0,0.0,0.0,0.0,0.0
7,0.0,0.0,0.0,0.0,0.0,0.0,0.0,0.0,0.0,0.0,0.0,0.0
8,0.0,0.0,0.0,0.0,0.0,0.0,0.0,0.0,0.0,0.0,0.0,0.0
9,0.0,0.0,0.0,0.0,0.0,0.0,0.0,0.0,0.0,0.0,0.0,0.0
10,0.0,0.0,0.0,0.0,0.0,0.0,0.0,0.0,0.0,0.0,0.0,0.0
11,0.0,0.0,0.0,0.0,0.0,0.0,0.0,0.0,0.0,0.0,0.0,0.0
12,0.0,0.0,0.0,0.0,0.0,0.0,0.0,0.0,0.0,0.0,0.0,0.0
13,0.0,0.0,0.0,0.0,0.0,0.0,0.0,0.0,0.0,0.0,0.0,0.0
14,0.0,0.0,0.0,0.0,0.0,0.0,0.0,0.0,0.0,0.0,0.0,0.0
15,0.0,0.0,0.0,0.0,0.0,0.0,0.0,0.0,0.0,0.0,0.0,0.0
16,0.0,0.0,0.0,0.0,0.0,0.0,0.0,0.0,0.0,0.0,0.0,0.0
17,0.0,0.0,0.0,0.0,0.0,0.0,0.0,0.0,0.0,0.0,0.0,0.0
18,0.0,0.0,0.0,0.0,0.0,0.0,0.0,0.0,0.0,0.0,0.0,0.0
19,0.0,0.0,0.0,0.0,0.0,0.0,0.0,0.0,0.0,0.0,0.0,0.0
20,0.0,0.0,0.0,0.0,0.0,0.0,0.0,0.0,0.0,0.0,0.0,0.0
21,0.0,0.0,0.0,0.0,0.0,0.0,0.0,0.0,0.0,0.0,0.0,0.0
22,0.0,0.0,0.0,0.0,0.0,0.0,0.0,0.0,0.0,0.0,0.0,0.0
23,3.428122002200205,5.679585548554843,8.999988958895887,7.411940194019403,1.9201816081608087,3.165596199619984,5.091505150515042,4.10392639263927,1.0403305930593145,1.6640831183118143,2.3464188018801835,2.2751865186518647
24,6.018379027902778,8.387639553955395,10.419502590259054,11.05268922892288,3.4227798679868044,4.812681018101801,6.065781578157824,6.243855385538602,1.38413197319731,1.8195335933593364,2.2474883888388857,2.478668026802672
25,6.8257413641364675,8.71291904190417,11.097485748574858,11.842016511651167,3.8253621262126325,5.03335897589761,6.327556755675559,6.79097825782578,1.4387816381638276,1.7477663666366732,2.3400700070007043,2.4952372737273767
26,7.351710171017108,9.310803040303995,11.600303780378038,12.456621662166217,4.0329431343134345,5.159148874887489,6.636407150715101,6.998943644364427,1.5155623962396365,1.93936893689368,2.431375897589761,2.6389436443644283
27,7.559895979597962,9.922379987998792,12.621213231323136,13.161131473147316,4.138933883388331,5.5307128212821155,6.958882998299829,7.379222362236203,1.5433293329332956,1.992855285528551,2.6561420542054255,2.808666106610663
28,8.135138953895392,10.285743414341423,13.363950155015521,13.99299400940094,4.39343165316531,5.694450555055502,7.4677178817881655,7.91310795079502,1.6748773977397797,2.1459121812181317,2.8449064806480613,2.9723003400339922
29,8.5832379137914,11.28737849784971,14.261053855385475,14.662925402540226,4.712999049904988,6.215770537053651,7.89128348834888,8.188148564856471,1.7167483148314895,2.2842844284428403,3.1070042104210422,3.225666726672661
30,9.81746298629862,12.217900790078971,15.048164806480743,15.396351945194557,5.3201974597459705,6.651017811781185,8.19599559955995,8.497424742474234,1.9297919791979146,2.5132124312431254,3.254287818781879,3.3762439343934334
31,10.584954495449564,13.019231483148294,15.854586698669868,15.867725812581243,5.809620552055242,7.025826742674287,8.80792454245423,8.675847424742402,2.0972669166916647,2.7507140714071383,3.447580748074804,3.5566294229422892
32,11.399865976597669,13.844447154715464,16.24984542454241,16.393640924092427,6.056388678867893,7.340428282828296,8.79716035603562,9.071005890589033,2.3680245524552364,2.946674577457741,3.554838643864387,3.697463736373634
33,12.263535143514286,14.453220322032212,15.940586848684864,16.600743264326432,6.522196179617953,7.783195429542946,8.662176577657764,9.147535863586366,2.513592549254923,3.077584868486844,3.646350545054504,3.8263499949994877
34,12.928717031703156,14.842149974997533,16.542937483748393,16.997953835383555,6.898996459645947,7.974909480948101,9.023694529452953,9.30725303530355,2.6633237723772316,3.188797989798961,3.682320622062207,3.862192209220912
35,13.517065216521637,15.328769186918692,17.232425002500253,17.330226772677275,7.197927542754275,8.102048244824475,9.35402515251528,9.368677307730755,2.8169888588859138,3.3426489748974784,3.870551365136516,3.899893179317954
36,13.763719561956181,15.650167726772667,17.10325623562358,17.199213511351125,7.330909080908102,8.464133603360342,9.450719781978208,9.563955585558467,2.9378377837783742,3.409601720172,3.7956105610561033,3.936424642464258
37,14.408879447944795,16.014298069806994,16.939668006800613,17.37573516351634,7.534653465346587,8.640223022302237,9.477120352035161,9.761946584658466,3.087599319931956,3.467047144714469,3.798290829082904,3.945451505150511
38,15.011869896989674,16.192723182318232,17.825766576657667,17.59320716071609,7.7451985198519955,8.73770541054105,9.888822792279212,9.895813091309133,3.2346457745774337,3.528212011201113,3.965832093209314,4.04908769876989
39,15.471231123112302,16.252361236123598,17.944252335233525,18.106340144014474,8.167303090309039,8.738669226922699,9.985856335633544,10.124269066906697,3.2523491949195242,3.601384298429845,4.004742234223432,4.084062716271625
40,16.075610671067114,16.744826322632232,17.517310731073117,17.781193759375856,8.322459435943582,8.880486438643869,9.74031178117815,10.132503160316036,3.418049164916486,3.7282255325532456,4.041597909790977,4.002993489348939
41,16.40635534553457,17.159657955795566,17.680618771877203,17.864531963196303,8.68245828582857,9.318875637563753,9.814307670767088,10.089360896089623,3.428200010001007,3.78863610361036,4.090555045504559,4.040913841384137
42,17.056293379337927,17.40134649464946,17.926390229022886,17.34892720272031,8.816397479747975,9.522731113111323,10.03030187018703,9.818525602560248,3.565632953295327,3.7670885488548933,4.1648655965596415,4.064813041304141
43,16.788115121512146,17.428533963396326,18.387340244024386,17.85734697469745,8.655810691069188,9.536523402340263,10.308723512351188,10.088539893989363,3.581574157415749,3.7412286828682886,4.068287138713876,4.120771077107711
44,17.80064530453044,17.992807440744073,18.583861746174602,17.985079747974808,9.387343444344422,9.806685628562848,10.22946038603862,10.025102510251031,3.672873197319742,3.877938033803374,4.2169879387938725,4.137446984698464
45,18.346504400440043,17.94069557955795,18.053279637963772,17.877798169816938,9.539102670267047,9.792723182318236,9.911645524552462,10.13303369336934,3.7757458845884626,3.9800620062006127,4.178077557755774,4.1863801980197985
46,18.664681978197848,17.974325072507273,18.062373027302737,18.016587898789894,9.567700770077016,9.91436547654761,10.263263086308614,10.342406400640115,3.8801051205120434,3.9616321632163136,4.129306440644045,4.086316471647167
47,19.146913691369154,18.396061196119582,17.813959145914588,17.61101389138913,9.91146345634564,10.15664445444543,10.101852095209612,10.081002890289037,3.896473557355744,4.0625480148014885,4.122056965696579,4.1391889188918904
48,19.91305994599463,18.58992263226317,17.671398139814,17.99809355935592,10.3898880988099,10.215353845384536,9.99988922892289,10.07341050105009,3.932777987798796,4.1196863586358585,4.1318658265826596,4.23874178417842
49,20.991284888488806,18.670477357735653,17.919522992299243,18.14095240524056,10.732980488048812,10.501598869887003,10.172468406840666,10.432067116711684,4.2353362436243644,4.1522792279228025,4.199602000200011,4.104154415441559
50,20.90698733873388,18.753771767176698,18.157839783978343,18.44864930493047,10.661624472447201,10.299567516751708,10.263097819781946,10.548949934993502,4.233628872887292,4.116857195719575,4.266015711571164,4.172825242524254
51,21.571356885688576,18.699248484848475,17.747245914591534,17.750606060606064,10.964222182218231,10.215792369236922,10.010764236423633,10.197096819682036,4.373159625962589,4.1148721972197215,4.11856424642465,4.113375247524745
52,21.882143574357425,19.01431743174317,17.707600270026983,17.863352895289424,11.045076097609765,10.41578196819681,10.211090619061894,10.18205420542052,4.386332223222336,4.2548282728273135,4.115809620962105,4.169880348034803
53,22.279136353635423,19.10802680268026,18.343883498349815,17.709873027302752,11.375892379237934,10.437590869086913,10.422601260126,10.200765666566694,4.393766086608662,4.227020612061172,4.2321627262726125,4.138161566156615
54,23.04801456145611,19.441996839683977,17.589987788778885,18.21169632963296,11.437814781478162,10.606108770877189,9.953817371737161,10.197970837083666,4.576851245124515,4.254398879888011,4.167695769576936,4.300308390839075
55,22.83572388238822,19.458066996699618,17.74655440544054,17.984491409140908,11.425869626962681,10.632382238223895,10.09342909290929,10.205855945594552,4.566308620862114,4.220658455845564,4.174592459245914,4.2328959295929645
56,23.28099208920891,19.41625153515351,18.136629652965297,18.551613071307123,11.880534893489363,10.601063216321622,10.324341394139408,10.626230533053286,4.532815191519159,4.422037243724364,4.19884379437944,4.258302470247027
57,23.75618712871286,19.787753775377535,18.345610401040105,17.633711211121117,11.992478247824767,10.75040688068807,10.614374997499759,10.070786588658862,4.6608119911991235,4.3381246524652495,4.2008165216521896,4.237257635763593
58,23.912023512351286,19.74720288028803,18.110261416141626,18.05353299329933,11.97559146914694,10.878590649064908,10.424045914591478,10.374219461946174,4.721871187118725,4.321530943094316,4.108692109210914,4.16425978597861
59,24.916485398539855,20.375979637963855,18.13046228622869,18.339048264826502,12.623341974197414,11.045148264826492,10.385691329132923,10.414285178517867,4.796728062806285,4.548633653365339,4.231834543454342,4.317556865686563
60,24.85855209520957,20.100837993799374,18.505894899489938,18.12997699769976,12.588487558755881,10.986516401640165,10.686849394939516,10.180243214321452,4.815551545154517,4.347063466346649,4.184617461746176,4.309309320932094
61,24.915939103910365,20.45195294529449,18.456820682068173,17.925592519251946,12.497887778777883,11.080409630963091,10.568314821482147,10.227680278027792,4.8904696869687,4.449912031203108,4.261582148214789,4.234293179317934
62,25.212660106010585,20.93732349234921,18.50636963696368,18.198081318131813,12.752808790879074,11.39848060806083,10.48297604760474,10.21709369936995,4.986205410541051,4.49701574157416,4.306330383038305,4.388717231723166
63,25.086103170317013,20.464821482148277,18.69464030403052,17.4832106810681,12.518889928992884,11.121278517851747,10.52657040704068,9.918935643564376,4.898393799379939,4.470215411541164,4.4444772377237936,4.185085618561854
64,24.89694744474452,20.827284638463833,18.284705180518127,17.602911651165083,12.42589817981802,11.2513193719372,10.218820922092213,9.923035463546356,4.924673107310733,4.535264236423638,4.265228832883279,4.2169797379737926
65,25.016579167916717,21.063212711271138,18.297853785378546,18.11937337733777,12.36753994399444,11.350759785978603,10.474420202020221,10.254720662066218,4.940798039803981,4.645446904690478,4.275617921792176,4.220391549154914
66,25.135300690069094,21.05502181218122,18.119771727172726,17.951883578357847,12.76463621362136,11.508652375237514,10.28894565456547,10.33737004700469,4.83356206620664,4.627262366236614,4.315303840384051,4.203296969696971
67,25.337369576957748,21.067630603060294,18.472206970697073,17.860524442444245,12.75639227922801,11.509036943694392,10.513385328532857,10.391598159815963,4.962180218021798,4.60632139213925,4.341289768976908,4.222169406940698
68,25.588738033803402,21.384825192519237,18.421195629562938,18.486400480048015,12.816755185518518,11.61372912291229,10.38074363436343,10.72945658565856,4.975595309530943,4.600407400740061,4.268675257525746,4.341786138613851
69,25.61695033503355,20.762539363936487,18.228142774277387,17.929577667766807,12.89156794679468,11.474041154115483,10.245097219721965,10.29177633763376,4.914621212121194,4.467898149814946,4.362880038003803,4.208870637063694
70,25.339873027302765,21.172032363236326,18.278682228222838,18.68050956095611,12.814375187518769,11.542444554455427,10.418799069907024,10.650998209820987,4.926259415941587,4.536331383138353,4.345386528652899,4.377481748174839
71,26.222525612561277,20.96485847584757,18.461051545154373,18.248199819981988,13.063003860386035,11.264932253225314,10.463220712071196,10.603328242824269,5.068177817781776,4.639460336033614,4.2662485348534815,4.297631673167322
72,25.595620672067227,21.04332349234926,18.58441168116812,18.269651275127554,13.074712581258156,11.454660626062607,10.579937953795381,10.459790289028899,4.882220662066206,4.567425382538247,4.350609300930058,4.260601060106008
73,25.837098099809978,21.230582808280786,17.8448782378238,18.47680607060706,13.036705230523065,11.486675707570754,10.437602950295013,10.446392629262967,4.978343344334448,4.608426032603279,4.217498189818975,4.287019701970199
74,25.735363926392584,20.900291269126903,18.126724312431236,18.197507500750092,12.97969571957199,11.269459655965592,10.4239501450145,10.502870127012706,5.10368280828084,4.5845643664366555,4.256987288728872,4.262281018101803
75,25.76465205520551,20.9156592059207,18.515752765276527,18.399070267026673,12.894236613661377,11.195252165216548,10.326431643164325,10.593435503550369,5.0649824982498215,4.566831683168309,4.413639753975414,4.293251365136522
76,25.450907930793,20.84353346334636,18.58120548054802,18.160509800980115,12.856642424242438,11.284896649664939,10.667876697669767,10.309597749774978,4.982393279327928,4.460540844084425,4.366816431643163,4.321123152315231
77,25.97770376037592,20.774278937893815,18.07988597859787,18.201159275927573,13.05001184118409,11.17294704470448,10.310240614061408,10.28889663966391,5.017307640764071,4.458348394839476,4.2756185618562,4.28958646864687
78,26.232884398439854,20.965814171417158,18.522639103910404,17.813889138913876,13.444004840484068,11.269220672067227,10.475938633863414,10.02230427042705,4.975821572157208,4.553074147414739,4.375276527652771,4.2893905290529
79,26.11831439143919,20.830183018301835,18.67896940694068,17.170128522852263,13.229820492049198,11.16891960196021,10.68239798979898,9.920520012001194,4.982408630863101,4.561672877287743,4.2792104810481115,4.170926842684263
80,25.96510426042606,20.682213781378035,18.159091069106907,17.838782878287827,13.257833623362295,11.117029452945278,10.343061466146597,10.111013491349128,5.01789257925792,4.56593730373035,4.268526852685281,4.329900580058014
81,26.22431379137918,21.166011711171286,17.86522123212321,17.977308290829104,13.353551195119485,11.457186508650862,10.266951135113517,10.248040804080425,5.089688808880853,4.56769692969298,4.209633753375331,4.2406178217821715
82,26.559992789278912,21.028918481848173,17.96687812781278,18.184186378637897,13.39953959395941,11.298141004100405,10.273354125412538,10.368205530553073,5.119151665166514,4.5428102810281015,4.2273094409440874,4.160659815981594
83,26.29137888788882,20.93581258125821,18.112092319231902,18.431044344434447,13.420439283928404,11.387915751575203,10.347533313331306,10.510436953695363,5.1080203920392195,4.553664926492644,4.251734923492342,4.381659755975603
84,26.13840759075907,21.571347524752447,18.38551755175519,17.67299720972097,13.210091849184927,11.618611611161128,10.396628372837313,10.199920302030197,5.063901980198005,4.590557295729581,4.26261337133712,4.1768816881688124
85,25.72781822182217,21.308994009401026,18.254387998799896,17.92328688868887,13.034899079908019,11.391388888888907,10.526942444244431,10.287916151615141,5.004622772277223,4.580874247424722,4.252682378237836,4.226710511051117
86,25.841237233723422,21.181716531653187,18.161919301930194,18.485736533653345,13.008463636363652,11.462731233123304,10.521245634563499,10.417522142214203,5.1549586558655935,4.567344374437449,4.121971197119704,4.268952485248524
87,25.94556079607941,21.175650675067512,17.934547014701476,18.14015192519251,13.124338993899373,11.533951955195494,10.298919451945103,10.334711221122127,5.046283668366833,4.474471037103675,4.310631063106312,4.2745132113211195
88,25.977226162616326,21.19900786078609,17.986130523052307,18.049683968396803,13.115555945594577,11.482179327932796,10.325630313031306,10.201693759376017,5.058923642364236,4.597980188018799,4.1720109610961025,4.315357925792581
89,26.436491399139925,21.129128912891304,18.30920692069207,18.208484688468975,13.400499639963957,11.370923882388151,10.282015791579171,10.413701810181013,5.185502190219022,4.624766866686663,4.354913481348141,4.279925552555261
90,26.44087352735275,20.70935729572961,18.069397939793948,18.43747365736575,13.279942034203389,11.271631123112336,10.257689768976919,10.659062346234634,5.145930553055262,4.4927332733273335,4.205939593959385,4.242174527452744
91,26.432712031203067,21.316148324832486,18.055017341734153,18.407851945194523,13.331629162916297,11.57326036603662,10.36514642464247,10.365819941994129,5.121984158415842,4.536948004800477,4.213956905690578,4.403511351135109
92,26.329858575857607,21.778441684168293,18.135744134413464,17.866836273627356,13.335213681368131,11.752464806480681,10.422469086908663,10.339784768476857,5.14927643764376,4.664982938293811,4.24078243824382,4.2106650665066505
93,25.984642464246406,20.890603450345047,18.218421842184217,17.784702470247012,13.137111461146077,11.335960156015586,10.610635303530316,10.318938683868392,5.091348884888488,4.528339223922376,4.218596099609929,4.187826772677286
94,26.554062516251584,21.283504340434042,18.771409850985084,18.393128872887296,13.453768886888685,11.700654065406534,10.472122402240215,10.396224412441267,5.151097349734978,4.528083598359804,4.354965256525658,4.3677787678767785
95,26.268475157515763,21.17107981798183,18.76428417841787,18.51264962496249,13.36983698369842,11.449947704770496,10.561421652165103,10.606104770477064,5.0539357035703505,4.448575697569762,4.401782538253847,4.355626562656282
96,26.54880332033197,20.938132173217344,18.306178527852804,18.319121662166307,13.440391789178934,11.209322172217217,10.25980802080208,10.515322532253228,5.121848574857477,4.649122352235224,4.349956105610574,4.197163466346633
97,26.238695059506043,21.01225318531857,18.370651775177542,18.356219131913193,13.049520792079184,11.433463986398657,10.30207139713971,10.326784268426852,5.17467177717771,4.552090049004898,4.397690809080935,4.3385678967896935
98,25.761970907090692,20.85857049704971,17.96208691869188,18.379852695269552,13.144390439043917,11.300642374237382,10.250834643464355,10.700549054905453,5.096497559755982,4.533221712171226,4.252713021302127,4.225496859685964
99,26.097935783578354,21.241843184318434,18.039122912291187,17.922550295029477,13.166414391439142,11.412565646564671,10.347776817681785,10.142647504750549,5.053644404440437,4.5469638863886335,4.197746014601458,4.3423182318231905
100,25.80783589358937,20.975689208920873,18.246901080108,18.24909946994698,12.94624941494147,11.432118851885173,10.363140224022422,10.208395229522944,5.056157775777583,4.532153215321539,4.227627202720272,4.331180628062803
101,26.107689768976854,21.072515161516154,18.50497080708069,18.158020192019194,13.084766226622673,11.515627552755278,10.583646114611456,10.514229182918328,5.163546104610438,4.550502890289031,4.318175777577758,4.214145724572458
102,25.691005810581014,21.48062706270627,18.068016561656158,17.860287618761845,12.985585668566843,11.484631653165302,10.363500260025996,10.35588597859787,5.010004640464061,4.696641654165417,4.300447794779496,4.16905590559056
103,26.089159705970623,21.075100950095024,17.869018541854174,18.65899180918086,13.282913081308118,11.44977408740872,10.26229413941393,10.522821472147198,5.091684168416865,4.481938183818394,4.257926982698274,4.387501310130996
104,25.653190879087937,20.99151419141907,18.1324214021402,18.379899979997987,13.107710281028092,11.302939853985402,10.369282518251802,10.324707580758087,5.011421532153212,4.607910031003078,4.1804715571557045,4.25977541754175
105,26.056275987598774,20.791274287428735,18.54895153515353,18.347594509450957,13.147705770577073,11.375456735673582,10.55821357135715,10.496777427742854,5.093475907590795,4.476568046804678,4.275869176917704,4.277003700370038
106,26.13157791779176,21.06356091609164,18.062346944694426,17.89811140114013,13.266326622662271,11.400199769976988,10.274403080308016,10.266364546454636,4.987137823782374,4.601431653165328,4.30286387638763,4.277244964496439
107,26.21953071307127,21.17642355235524,17.873387338733867,18.037179077907812,13.10660842084206,11.349685328532845,10.357580868086893,10.266270377037698,5.1883568756875675,4.590008750875072,4.088277937793787,4.264573567356742
108,26.03691640164017,21.14809799979998,17.738009640964087,17.88940669066905,13.096003350335016,11.454789228922877,10.19624937493752,10.197736163616424,5.0837453345334565,4.584923932393234,4.194411431143114,4.221162556255638
109,26.172821282128165,20.966095799580014,18.130827792779268,18.78622237223725,13.075075817581737,11.325384928492863,10.367346774677474,10.579344174417463,5.2055492649264865,4.574821482148235,4.2947666666666695,4.313635353535341
110,26.428796119611988,21.168894799479922,18.16716771677168,18.347424782478253,13.28846468646862,11.479886378637849,10.477566756675738,10.390307670767086,5.192630263026303,4.5122143814381515,4.2140174017401675,4.333744374437445
111,26.392838323832336,21.77624633463343,18.18118575857591,18.423180878087813,13.260469796979722,11.827884828482867,10.38957670767075,10.430085248524872,5.142249014901476,4.61058536853686,4.152874877487744,4.204503010301032
112,27.004938533853394,21.525834573457352,17.950826722672254,18.13931409140913,13.62098984898491,11.615544664466444,10.235002340234022,10.440919601960179,5.21635362536255,4.637052145214503,4.317235723572352,4.2161993699369935
113,26.834497489749,21.384359395939565,17.851846774677448,18.090168766876662,13.562395989598961,11.510028752875304,10.17303249324929,10.454265176517653,5.226177007700775,4.623512661266119,4.189009900990099,4.205379537953786
114,26.831173827382727,21.617706080608052,18.261124952495248,18.244981688168796,13.465406700670014,11.657194479447941,10.429584948494835,10.402568896889681,5.245756565656582,4.702880038003788,4.296519401940193,4.251109020902096
115,26.508677177717818,21.82043388338831,17.951274967496687,18.267206470647054,13.308478207820785,11.909236963696388,10.309389248924848,10.450926052605247,5.12851044104412,4.665105510551039,4.194418631863176,4.153332843284334
116,26.32989662966285,21.828590849084886,17.71935864586456,18.08326368636866,13.325408540854104,11.68663966396641,10.26466621662165,10.289606710671055,5.075745614561457,4.709515341534166,4.1931424742474315,4.1757570857085655
117,26.785000890089076,21.42988673867386,17.735013891389162,18.70287947794778,13.433668076807688,11.633851375137528,10.171615201520156,10.724312421242118,5.282952135213502,4.6135075907590775,4.1746472147214515,4.212395599559958
118,26.99753351335131,21.44586262626261,18.14111487148716,18.28571968196823,13.83267442744273,11.655370977097633,10.364090449044923,10.39602484248426,5.201931033103279,4.602276187618803,4.195115351535121,4.281441654165423
119,26.965671567156797,21.45788562856284,18.71086208620863,18.138188178817856,13.545290489048913,11.522871287128721,10.606210371037191,10.312892799279924,5.254406400640062,4.686394679467924,4.295517301730178,4.331470897089699
120,26.423335773577424,20.95807080708072,18.35367911791178,18.554672427242693,13.292569006900697,11.39352574257423,10.66421426142613,10.538604860486029,5.203267116711676,4.523510741074101,4.212400830083023,4.306385798579867
121,26.772530013001322,21.58728383838387,18.210505810581026,18.166715831583172,13.513654725472502,11.749218111811183,10.487022742274256,10.210507290729094,5.279366936693681,4.615654805480577,4.199647804780483,4.32118407840783
122,26.706048994899557,20.932779667966827,18.017290369036942,18.401841744174437,13.544543244324412,11.4193958495849,10.216332633263333,10.589546464646508,5.166372637263739,4.561292289228922,4.2589951395139565,4.221100500050002
123,26.6348346434643,20.84460190019001,18.29161220122013,19.033309720972102,13.200189528952864,10.990808270827097,10.662995889588956,10.794048114811497,5.130826672667267,4.706214371437128,4.176095359536002,4.34459281928193
124,26.537800340034043,21.14324516451647,18.122488248824887,18.558588298829886,13.509834983498372,11.493469256925717,10.211237513751382,10.678767876787676,5.106211581158098,4.546082118211824,4.277328522852275,4.294033843384329
125,26.60123771377136,21.27390239023898,18.467760016001606,18.129042654265437,13.340533803380344,11.760639973997382,10.424901530153013,10.372829592959313,5.158685308530865,4.545020412041214,4.255744574457448,4.278521612161227
126,26.68384342434246,21.019551195119448,17.739483388338847,18.15652764276427,13.419574747474769,11.39041008100809,10.043456335633506,10.36761755175508,5.131106860686064,4.593220882088214,4.233321082108207,4.253849384938505
127,26.680612061206105,21.13349493949385,17.72109146914705,18.511696929692945,13.596050715071522,11.502766986698633,10.30177593759374,10.611463056305647,5.090429752975307,4.582754235423541,4.057531993199317,4.230560646064607
128,26.429076147614843,21.311020852085235,17.889789288928906,18.394239383938377,13.468923202320276,11.597249474947475,10.108828442844278,10.577283288328836,5.0727475847585,4.502225222522258,4.288020792079207,4.19310331033104
129,26.159282238223863,21.08336977697769,17.92199119911993,18.761607000700092,13.225011741174102,11.393068816881724,10.242133803380332,10.834562496249607,5.177446054605481,4.607217431743186,4.242447034703478,4.322653025302518
130,26.466829392939257,21.854363426342644,17.808079197919763,18.09092828282827,13.079507950795133,11.877150875087509,10.269096949694974,10.428032713271321,5.223497059705972,4.612561966196609,4.268363946394638,4.253650005000486
131,26.27347198719868,21.11452184218413,17.649002010201027,18.1280412441244,13.161328442844322,11.487146464646436,10.041211311131104,10.302348944894476,5.05281079107911,4.5134701870187,4.127037943794374,4.261829692969289
132,25.757586468646814,21.28323136313634,17.909204680468054,18.638997339734,12.91904290429045,11.512275227522732,10.130174457445747,10.562433483348316,5.099829492949281,4.611315371537143,4.241369576957693,4.347377097709792
133,26.12552355235527,20.820041114111437,17.976445394539404,18.326103970397043,13.212280868086808,11.158099769977015,10.212604850485079,10.552896479647957,5.089559195919587,4.55628401840184,4.214116451645171,4.243895499549956
134,26.271100350034967,20.727771017101695,18.398758875887577,18.37103085308532,13.253725212521257,11.271484658465855,10.43997870787082,10.31007875787582,5.02749374937494,4.5931904290429,4.233828492849284,4.331957195719578
135,26.391870697069695,20.814752475247513,18.212599019901905,18.124236333633377,13.33475338533852,11.19170468046804,10.314834523452337,10.346197779777976,5.054464446444649,4.6181961296129606,4.265214361436175,4.257069456945691
136,27.1512741274128,21.269275087508653,18.224340474047423,17.855745534553456,13.747805780578005,11.478211461146126,10.459696529652962,10.157916101610153,5.165060506050598,4.572509690969094,4.234792719271933,4.201232913291324
137,26.6530267426742,21.79557571757177,17.90172041204122,18.625347644764478,13.532439283928385,11.699571517151734,10.379468306830667,10.500187128712867,5.181542114211471,4.692825722572262,4.142851045104509,4.420886528652889
138,26.729528862886344,21.250484048404786,18.133272037203646,17.851391049104915,13.489524862486222,11.414335743574352,10.29277503750373,10.18067882788276,5.154115411541134,4.617310441044097,4.121321322132206,4.243319921992188
139,26.469358575857562,21.4099198319832,18.144450445044523,17.740632303230196,13.327003410341066,11.50206556655663,10.240401790179035,10.006289588958898,5.119929102910274,4.6262721872187145,4.274255175517559,4.239932153215335
140,27.13393223322329,20.950639063906404,18.612467286728673,17.779955745574554,13.572389198919938,11.481286838683827,10.495761536153609,10.212292339233947,5.221587118711879,4.488765186518645,4.374182858285825,4.1953794979497845
141,26.601112551255124,21.472883128312812,18.673649274927513,18.529127152715343,13.391835183518351,11.602975337533755,10.649764816481664,10.548732063206293,5.15289732973297,4.626226622662258,4.216729182918283,4.327600510051025
142,26.77595670567058,21.285198029803002,18.578284138413835,17.88174493449347,13.72810256025603,11.484124802480265,10.60596203620362,10.124687578757884,5.103894549454937,4.597478307830811,4.2169132813281305,4.311058855885597
143,26.229282088208766,21.045194029402943,18.48031042104211,18.004249064906485,13.095451455145614,11.306536413641352,10.598795879587879,10.213510861086132,5.193127702770282,4.54559830983099,4.304778467846782,4.2813384438443824
